username,email,password,created_at,updated_at
brandon06,perezjoseph@hotmail.com,EV5EMfxMV@,2024-04-27 20:17:14,2024-05-24 06:49:46
james30,gregorymatthew@yahoo.com,)6XVVgdtw#,2024-05-23 18:05:08,2024-01-09 20:12:57
jennifer75,brandi59@hotmail.com,zL$c2DWl!o,2024-04-30 12:46:25,2024-05-13 23:11:58
lisadavis,nbrooks@hotmail.com,PV8#XeV&J$,2024-04-30 10:53:13,2024-05-06 13:54:55
matthew40,hmitchell@brown-wiggins.biz,)4mRKqXe@o,2024-04-04 17:04:03,2024-02-17 16:28:20
underwoodjeremy,oburgess@gmail.com,@(8Sk1YbRj,2024-01-27 02:54:04,2024-02-17 17:15:49
brendan60,richardpeters@mcknight-reyes.com,*3bPuoksc8,2024-06-04 01:28:43,2024-05-20 21:42:42
ujones,webbchristopher@gmail.com,1O0C3x#8&*,2024-02-25 03:29:49,2024-01-20 21:02:11
newmanmary,kayla15@carter.net,N5IWRbgE^x,2024-06-08 11:44:28,2024-01-28 16:37:24
marcprice,huertahannah@gmail.com,%1_QF$yPvQ,2024-02-17 16:30:45,2024-03-17 08:37:31
user1,1perezjoseph@hotmail.com,EV5EMfxMV@,2024-04-27 20:17:14,2024-05-24 06:49:46
user2,2gregorymatthew@yahoo.com,)6XVVgdtw#,2024-05-23 18:05:08,2024-01-09 20:12:57
user3,3brandi59@hotmail.com,zL$c2DWl!o,2024-04-30 12:46:25,2024-05-13 23:11:58
user4,4nbrooks@hotmail.com,PV8#XeV&J$,2024-04-30 10:53:13,2024-05-06 13:54:55
user5,5hmitchell@brown-wiggins.biz,)4mRKqXe@o,2024-04-04 17:04:03,2024-02-17 16:28:20
user6,6oburgess@gmail.com,@(8Sk1YbRj,2024-01-27 02:54:04,2024-02-17 17:15:49
user7,7richardpeters@mcknight-reyes.com,*3bPuoksc8,2024-06-04 01:28:43,2024-05-20 21:42:42
user8,8webbchristopher@gmail.com,1O0C3x#8&*,2024-02-25 03:29:49,2024-01-20 21:02:11
user9,9kayla15@carter.net,N5IWRbgE^x,2024-06-08 11:44:28,2024-01-28 16:37:24
user10,10huertahannah@gmail.com,%1_QF$yPvQ,2024-02-17 16:30:45,2024-03-17 08:37:31