username,first_name,last_name,phone_number,address
brandon06,Heather,Gomez,(326)164-5924x59523,"PSC 6964, Box 4994
APO AP 84566"
james30,Johnny,Bryant,755.402.6149,"15557 Melanie Canyon
Elaineton, AR 78137"
jennifer75,Michael,Perez,+1-851-922-2533,"Unit 8673 Box 8850
DPO AA 51381"
lisadavis,Jackson,Richards,+1-227-848-9498x529,"Unit 1153 Box 8285
DPO AP 02546"
matthew40,Lisa,Miller,1256144273,"7830 Cindy Greens
Hugheston, LA 43955"
underwoodjeremy,Cathy,Jones,9197348092,"PSC 4249, Box 9901
APO AE 41718"
brendan60,Laurie,Bowen,819-795-1700x466,"90955 Richard Ford
Beckerville, TN 92589"
ujones,Jordan,Caldwell,451-095-2790x5905,"94355 Sharon Cliffs
Youngville, OK 42746"
newmanmary,Susan,James,353.338.9627x370,"276 Lauren Lodge
Morrisland, VA 50473"
marcprice,Crystal,Hernandez,019-627-5763x135,"9609 Flores Turnpike
West Thomas, IA 21902"
user1,Heathere,Gomez,(326)164-5924x59523,"PSC 6964, Box 4994
APO AP 84566"
user2,Johnnye,Bryant,755.402.6149,"15557 Melanie Canyon
Elaineton, AR 78137"
user3,Michaele,Perez,+1-851-922-2533,"Unit 8673 Box 8850
DPO AA 51381"
user4,Jacksone,Richards,+1-227-848-9498x529,"Unit 1153 Box 8285
DPO AP 02546"
user5,Lisae,Miller,1256144273,"7830 Cindy Greens
Hugheston, LA 43955"
user6,Cathye,Jones,9197348092,"PSC 4249, Box 9901
APO AE 41718"
user7,Lauriee,Bowen,819-795-1700x466,"90955 Richard Ford
Beckerville, TN 92589"
user8,Jordane,Caldwell,451-095-2790x5905,"94355 Sharon Cliffs
Youngville, OK 42746"
user9,Susane,James,353.338.9627x370,"276 Lauren Lodge
Morrisland, VA 50473"
user10,Crystale,Hernandez,019-627-5763x135,"9609 Flores Turnpike
West Thomas, IA 21902"